{
  "dataset": "cicids2018.csv",
  "held_out_attack": "nan",
  "held_out_count": 114000,
  "metrics": {
    "accuracy": 0.5815826330532213,
    "precision": 0.830028328611898,
    "recall": 0.20518207282913165,
    "f1": 0.3290286355979787,
    "fp": 60,
    "fn": 1135,
    "tp": 293,
    "tn": 1368
  }
}
